original_session,database_session
ZS059_2021-03-24_14-22-04,ZS059_2021-03-24_14-22-04_nwb_2025-08-14_10-55-51
ZS059_2021-03-25_14-40-45,ZS059_2021-03-25_14-40-45_nwb_2025-08-14_10-55-51
ZS059_2021-03-26_13-52-11,ZS059_2021-03-26_13-52-11_nwb_2025-08-14_10-55-50
ZS059_2021-03-27_16-03-00,ZS059_2021-03-27_16-03-00_nwb_2025-08-14_10-55-50
ZS059_2021-03-28_14-18-58,ZS059_2021-03-28_14-18-58_nwb_2025-08-14_10-55-51
ZS059_2021-03-29_14-41-57,ZS059_2021-03-29_14-41-57_nwb_2025-08-14_10-55-50
ZS059_2021-03-30_14-57-13,ZS059_2021-03-30_14-57-13_nwb_2025-08-14_10-55-51
ZS059_2021-03-31_14-32-51,ZS059_2021-03-31_14-32-51_nwb_2025-08-14_10-55-51
ZS059_2021-04-01_14-17-46,ZS059_2021-04-01_14-17-46_nwb_2025-08-14_10-55-50
ZS059_2021-04-02_15-05-16,ZS059_2021-04-02_15-05-16_nwb_2025-08-14_10-55-50
ZS059_2021-04-03_16-30-45,ZS059_2021-04-03_16-30-45_nwb_2025-08-14_10-55-50
ZS059_2021-04-04_15-23-14,ZS059_2021-04-04_15-23-14_nwb_2025-08-14_10-55-51
ZS059_2021-04-05_14-33-48,ZS059_2021-04-05_14-33-48_nwb_2025-08-14_10-55-51
ZS059_2021-04-06_14-30-26,ZS059_2021-04-06_14-30-26_nwb_2025-08-14_10-55-51
ZS059_2021-04-07_13-58-21,ZS059_2021-04-07_13-58-21_nwb_2025-08-14_10-55-51
ZS059_2021-04-08_15-53-36,ZS059_2021-04-08_15-53-36_nwb_2025-08-14_10-55-51
ZS059_2021-04-09_15-53-45,ZS059_2021-04-09_15-53-45_nwb_2025-08-14_10-55-51
ZS059_2021-04-10_15-55-11,ZS059_2021-04-10_15-55-11_nwb_2025-08-14_10-55-50
ZS059_2021-04-11_15-41-45,ZS059_2021-04-11_15-41-45_nwb_2025-08-14_10-55-51
ZS059_2021-04-12_14-57-43,ZS059_2021-04-12_14-57-43_nwb_2025-08-14_10-55-50
ZS059_2021-04-13_15-43-53,ZS059_2021-04-13_15-43-53_nwb_2025-08-14_10-55-51
ZS059_2021-04-14_14-51-04,ZS059_2021-04-14_14-51-04_nwb_2025-08-14_10-55-50
ZS059_2021-04-15_15-29-28,ZS059_2021-04-15_15-29-28_nwb_2025-08-14_10-55-51
ZS059_2021-04-16_14-50-15,ZS059_2021-04-16_14-50-15_nwb_2025-08-14_10-55-51
ZS059_2021-04-17_15-44-53,ZS059_2021-04-17_15-44-53_nwb_2025-08-14_10-55-50
ZS059_2021-04-18_17-26-19,ZS059_2021-04-18_17-26-19_nwb_2025-08-14_10-55-51
ZS059_2021-04-19_14-42-16,ZS059_2021-04-19_14-42-16_nwb_2025-08-14_10-55-51
ZS059_2021-04-20_14-50-03,ZS059_2021-04-20_14-50-03_nwb_2025-08-14_10-55-50
ZS059_2021-04-21_15-58-55,ZS059_2021-04-21_15-58-55_nwb_2025-08-14_10-55-51
ZS059_2021-04-22_15-11-25,ZS059_2021-04-22_15-11-25_nwb_2025-08-14_10-55-51
ZS059_2021-04-23_14-57-50,ZS059_2021-04-23_14-57-50_nwb_2025-08-14_10-55-50
ZS059_2021-04-24_15-38-10,ZS059_2021-04-24_15-38-10_nwb_2025-08-14_10-55-50
ZS059_2021-04-25_16-22-31,ZS059_2021-04-25_16-22-31_nwb_2025-08-14_10-55-51
ZS059_2021-04-26_14-44-03,ZS059_2021-04-26_14-44-03_nwb_2025-08-14_10-55-51
ZS059_2021-04-27_15-12-43,ZS059_2021-04-27_15-12-43_nwb_2025-08-14_10-55-51
ZS059_2021-04-28_14-00-12,ZS059_2021-04-28_14-00-12_nwb_2025-08-14_10-55-51
ZS059_2021-04-29_14-02-45,ZS059_2021-04-29_14-02-45_nwb_2025-08-14_10-55-51
ZS060_2021-03-24_15-40-00,ZS060_2021-03-24_15-40-00_nwb_2025-08-14_10-55-51
ZS060_2021-03-27_17-11-43,ZS060_2021-03-27_17-11-43_nwb_2025-08-14_10-55-50
ZS060_2021-03-28_15-27-56,ZS060_2021-03-28_15-27-56_nwb_2025-08-14_10-55-50
ZS060_2021-03-29_16-21-37,ZS060_2021-03-29_16-21-37_nwb_2025-08-14_10-55-51
ZS060_2021-03-30_16-13-03,ZS060_2021-03-30_16-13-03_nwb_2025-08-14_10-55-51
ZS060_2021-04-07_15-21-40,ZS060_2021-04-07_15-21-40_nwb_2025-08-14_10-55-50
ZS060_2021-04-08_16-55-35,ZS060_2021-04-08_16-55-35_nwb_2025-08-14_10-55-51
ZS060_2021-04-09_17-07-51,ZS060_2021-04-09_17-07-51_nwb_2025-08-14_10-55-51
ZS060_2021-04-10_16-58-41,ZS060_2021-04-10_16-58-41_nwb_2025-08-14_10-55-51
ZS060_2021-04-11_16-41-30,ZS060_2021-04-11_16-41-30_nwb_2025-08-14_10-55-50
ZS060_2021-04-12_15-57-59,ZS060_2021-04-12_15-57-59_nwb_2025-08-14_10-55-50
ZS060_2021-04-15_19-06-02,ZS060_2021-04-15_19-06-02_nwb_2025-08-14_10-55-51
ZS060_2021-04-16_16-09-11,ZS060_2021-04-16_16-09-11_nwb_2025-08-14_10-55-50
ZS060_2021-04-21_19-23-52,ZS060_2021-04-21_19-23-52_nwb_2025-08-14_10-55-50
ZS060_2021-04-23_18-34-53,ZS060_2021-04-23_18-34-53_nwb_2025-08-14_10-55-50
ZS060_2021-04-25_19-51-06,ZS060_2021-04-25_19-51-06_nwb_2025-08-14_10-55-51
ZS060_2021-04-26_19-24-52,ZS060_2021-04-26_19-24-52_nwb_2025-08-14_10-55-51
ZS060_2021-04-27_16-21-43,ZS060_2021-04-27_16-21-43_nwb_2025-08-14_10-55-51
ZS060_2021-04-28_15-16-45,ZS060_2021-04-28_15-16-45_nwb_2025-08-14_10-55-51
ZS061_2021-03-17_16-00-53,ZS061_2021-03-17_16-00-53_nwb_2025-08-14_10-55-50
ZS061_2021-03-18_17-39-19,ZS061_2021-03-18_17-39-19_nwb_2025-08-14_10-55-51
ZS061_2021-03-19_17-52-45,ZS061_2021-03-19_17-52-45_nwb_2025-08-14_10-55-51
ZS061_2021-03-20_18-03-26,ZS061_2021-03-20_18-03-26_nwb_2025-08-14_10-55-51
ZS061_2021-03-21_17-37-00,ZS061_2021-03-21_17-37-00_nwb_2025-08-14_10-55-51
ZS061_2021-03-22_17-35-53,ZS061_2021-03-22_17-35-53_nwb_2025-08-14_10-55-51
ZS061_2021-03-23_16-08-12,ZS061_2021-03-23_16-08-12_nwb_2025-08-14_10-55-50
ZS061_2021-03-24_17-24-09,ZS061_2021-03-24_17-24-09_nwb_2025-08-14_10-55-50
ZS061_2021-03-25_17-12-27,ZS061_2021-03-25_17-12-27_nwb_2025-08-14_10-55-50
ZS061_2021-03-26_17-28-33,ZS061_2021-03-26_17-28-33_nwb_2025-08-14_10-55-50
ZS061_2021-03-27_18-20-45,ZS061_2021-03-27_18-20-45_nwb_2025-08-14_10-55-50
ZS061_2021-03-28_16-35-51,ZS061_2021-03-28_16-35-51_nwb_2025-08-14_10-55-51
ZS061_2021-03-29_17-48-18,ZS061_2021-03-29_17-48-18_nwb_2025-08-14_10-55-51
ZS061_2021-03-30_16-57-26,ZS061_2021-03-30_16-57-26_nwb_2025-08-14_10-55-50
ZS061_2021-03-31_17-15-48,ZS061_2021-03-31_17-15-48_nwb_2025-08-14_10-55-51
ZS061_2021-04-01_16-38-03,ZS061_2021-04-01_16-38-03_nwb_2025-08-14_10-55-50
ZS061_2021-04-02_17-53-41,ZS061_2021-04-02_17-53-41_nwb_2025-08-14_10-55-51
ZS061_2021-04-03_18-50-29,ZS061_2021-04-03_18-50-29_nwb_2025-08-14_10-55-51
ZS061_2021-04-04_17-43-18,ZS061_2021-04-04_17-43-18_nwb_2025-08-14_10-55-51
ZS061_2021-04-05_18-01-32,ZS061_2021-04-05_18-01-32_nwb_2025-08-14_10-55-51
ZS061_2021-04-06_16-13-38,ZS061_2021-04-06_16-13-38_nwb_2025-08-14_10-55-51
ZS061_2021-04-07_16-47-22,ZS061_2021-04-07_16-47-22_nwb_2025-08-14_10-55-50
ZS061_2021-04-08_18-01-30,ZS061_2021-04-08_18-01-30_nwb_2025-08-14_10-55-51
ZS061_2021-04-09_18-19-29,ZS061_2021-04-09_18-19-29_nwb_2025-08-14_10-55-50
ZS061_2021-04-10_18-01-14,ZS061_2021-04-10_18-01-14_nwb_2025-08-14_10-55-51
ZS061_2021-04-11_17-44-56,ZS061_2021-04-11_17-44-56_nwb_2025-08-14_10-55-51
ZS061_2021-04-12_17-26-54,ZS061_2021-04-12_17-26-54_nwb_2025-08-14_10-55-51
ZS061_2021-04-13_18-14-05,ZS061_2021-04-13_18-14-05_nwb_2025-08-14_10-55-51
ZS061_2021-04-14_16-04-22,ZS061_2021-04-14_16-04-22_nwb_2025-08-14_10-55-51
ZS061_2021-04-15_16-45-44,ZS061_2021-04-15_16-45-44_nwb_2025-08-14_10-55-50
ZS061_2021-04-16_17-08-59,ZS061_2021-04-16_17-08-59_nwb_2025-08-14_10-55-51
ZS061_2021-04-17_16-50-25,ZS061_2021-04-17_16-50-25_nwb_2025-08-14_10-55-51
ZS061_2021-04-18_18-32-58,ZS061_2021-04-18_18-32-58_nwb_2025-08-14_10-55-50
ZS061_2021-04-19_18-31-40,ZS061_2021-04-19_18-31-40_nwb_2025-08-14_10-55-50
ZS061_2021-04-20_15-49-57,ZS061_2021-04-20_15-49-57_nwb_2025-08-14_10-55-50
ZS061_2021-04-21_17-03-09,ZS061_2021-04-21_17-03-09_nwb_2025-08-14_10-55-51
ZS061_2021-04-22_16-25-00,ZS061_2021-04-22_16-25-00_nwb_2025-08-14_10-55-50
ZS061_2021-04-23_16-13-13,ZS061_2021-04-23_16-13-13_nwb_2025-08-14_10-55-51
ZS061_2021-04-24_16-48-52,ZS061_2021-04-24_16-48-52_nwb_2025-08-14_10-55-51
ZS061_2021-04-25_17-45-36,ZS061_2021-04-25_17-45-36_nwb_2025-08-14_10-55-51
ZS061_2021-04-26_18-08-01,ZS061_2021-04-26_18-08-01_nwb_2025-08-14_10-55-51
ZS061_2021-04-27_18-19-52,ZS061_2021-04-27_18-19-52_nwb_2025-08-14_10-55-51
ZS061_2021-04-28_16-35-50,ZS061_2021-04-28_16-35-50_nwb_2025-08-14_10-55-51
ZS061_2021-04-29_16-18-51,ZS061_2021-04-29_16-18-51_nwb_2025-08-14_10-55-51
ZS061_2021-04-30_17-06-18,ZS061_2021-04-30_17-06-18_nwb_2025-08-14_10-55-51
ZS061_2021-05-01_18-28-14,ZS061_2021-05-01_18-28-14_nwb_2025-08-14_10-55-50
ZS062_2021-03-24_18-52-34,ZS062_2021-03-24_18-52-34_nwb_2025-08-14_10-55-50
ZS062_2021-03-25_18-44-20,ZS062_2021-03-25_18-44-20_nwb_2025-08-14_10-55-50
ZS062_2021-03-26_18-45-54,ZS062_2021-03-26_18-45-54_nwb_2025-08-14_10-55-51
ZS062_2021-03-27_19-15-29,ZS062_2021-03-27_19-15-29_nwb_2025-08-14_10-55-51
ZS062_2021-03-28_17-40-42,ZS062_2021-03-28_17-40-42_nwb_2025-08-14_10-55-50
ZS062_2021-03-29_18-50-00,ZS062_2021-03-29_18-50-00_nwb_2025-08-14_10-55-51
ZS062_2021-03-30_18-30-24,ZS062_2021-03-30_18-30-24_nwb_2025-08-14_10-55-51
ZS062_2021-03-31_18-40-52,ZS062_2021-03-31_18-40-52_nwb_2025-08-14_10-55-51
ZS062_2021-04-01_17-49-36,ZS062_2021-04-01_17-49-36_nwb_2025-08-14_10-55-51
ZS062_2021-04-02_19-08-52,ZS062_2021-04-02_19-08-52_nwb_2025-08-14_10-55-50
ZS062_2021-04-03_20-26-34,ZS062_2021-04-03_20-26-34_nwb_2025-08-14_10-55-51
ZS062_2021-04-04_18-59-47,ZS062_2021-04-04_18-59-47_nwb_2025-08-14_10-55-50
ZS062_2021-04-05_19-25-39,ZS062_2021-04-05_19-25-39_nwb_2025-08-14_10-55-50
ZS062_2021-04-06_18-46-42,ZS062_2021-04-06_18-46-42_nwb_2025-08-14_10-55-51
ZS062_2021-04-07_17-58-07,ZS062_2021-04-07_17-58-07_nwb_2025-08-14_10-55-50
ZS062_2021-04-08_19-07-10,ZS062_2021-04-08_19-07-10_nwb_2025-08-14_10-55-51
ZS062_2021-04-09_19-27-26,ZS062_2021-04-09_19-27-26_nwb_2025-08-14_10-55-51
ZS062_2021-04-10_19-16-30,ZS062_2021-04-10_19-16-30_nwb_2025-08-14_10-55-50
ZS062_2021-04-11_18-58-53,ZS062_2021-04-11_18-58-53_nwb_2025-08-14_10-55-50
ZS062_2021-04-12_18-46-29,ZS062_2021-04-12_18-46-29_nwb_2025-08-14_10-55-50
ZS062_2021-04-13_19-35-13,ZS062_2021-04-13_19-35-13_nwb_2025-08-14_10-55-50
ZS062_2021-04-14_17-07-51,ZS062_2021-04-14_17-07-51_nwb_2025-08-14_10-55-51
ZS062_2021-04-15_17-52-49,ZS062_2021-04-15_17-52-49_nwb_2025-08-14_10-55-51
ZS062_2021-04-16_18-17-09,ZS062_2021-04-16_18-17-09_nwb_2025-08-14_10-55-51
ZS062_2021-04-17_18-06-40,ZS062_2021-04-17_18-06-40_nwb_2025-08-14_10-55-51
ZS062_2021-04-18_19-52-39,ZS062_2021-04-18_19-52-39_nwb_2025-08-14_10-55-50
ZS062_2021-04-19_19-36-48,ZS062_2021-04-19_19-36-48_nwb_2025-08-14_10-55-51
ZS062_2021-04-20_18-23-52,ZS062_2021-04-20_18-23-52_nwb_2025-08-14_10-55-51
ZS062_2021-04-21_18-15-30,ZS062_2021-04-21_18-15-30_nwb_2025-08-14_10-55-50
ZS062_2021-04-22_17-18-06,ZS062_2021-04-22_17-18-06_nwb_2025-08-14_10-55-51
ZS062_2021-04-23_17-27-03,ZS062_2021-04-23_17-27-03_nwb_2025-08-14_10-55-51
ZS062_2021-04-24_17-54-39,ZS062_2021-04-24_17-54-39_nwb_2025-08-14_10-55-51
ZS062_2021-04-25_18-53-35,ZS062_2021-04-25_18-53-35_nwb_2025-08-14_10-55-51
ZS062_2021-04-26_20-26-29,ZS062_2021-04-26_20-26-29_nwb_2025-08-14_10-55-51
ZS062_2021-04-27_19-23-36,ZS062_2021-04-27_19-23-36_nwb_2025-08-14_10-55-51
ZS062_2021-04-28_17-53-01,ZS062_2021-04-28_17-53-01_nwb_2025-08-14_10-55-51
ZS062_2021-04-29_17-36-37,ZS062_2021-04-29_17-36-37_nwb_2025-08-14_10-55-51
ZS062_2021-04-30_18-11-39,ZS062_2021-04-30_18-11-39_nwb_2025-08-14_10-55-51
ZS062_2021-05-01_19-48-01,ZS062_2021-05-01_19-48-01_nwb_2025-08-14_10-55-50
ZS062_2021-05-02_19-20-50,ZS062_2021-05-02_19-20-50_nwb_2025-08-14_10-55-51
ZS062_2021-05-03_13-58-20,ZS062_2021-05-03_13-58-20_nwb_2025-08-14_10-55-51
ZS062_2021-05-04_14-29-20,ZS062_2021-05-04_14-29-20_nwb_2025-08-14_10-55-50
ZS062_2021-05-05_16-34-46,ZS062_2021-05-05_16-34-46_nwb_2025-08-14_10-55-51
ZS062_2021-05-06_15-46-14,ZS062_2021-05-06_15-46-14_nwb_2025-08-14_10-55-50
ZS062_2021-05-07_17-38-21,ZS062_2021-05-07_17-38-21_nwb_2025-08-14_10-55-50
ZS062_2021-05-08_18-43-47,ZS062_2021-05-08_18-43-47_nwb_2025-08-14_10-55-51
ZS062_2021-05-09_17-15-10,ZS062_2021-05-09_17-15-10_nwb_2025-08-14_10-55-51
ZS062_2021-05-10_19-15-51,ZS062_2021-05-10_19-15-51_nwb_2025-08-14_10-55-50
ZS062_2021-05-11_20-10-59,ZS062_2021-05-11_20-10-59_nwb_2025-08-14_10-55-51
